Heel2010,Andrew,W.,https://untappd.akamaized.net/profile/882ff8a82a0290fa67fe16f4009d3275_100x100.jpg
KimJongShaler,Shaler,T.,https://untappd.akamaized.net/profile/51627cc6b7a32b34e738b0b608d62059_100x100.jpg
Ludhigh,Nick,L.,https://untappd.akamaized.net/profile/fdbd45610a823522f58c50738d85729e_100x100.jpg
smalltownman,luke,h.,https://untappd.akamaized.net/profile/c445cddd634b82f50cecedc9a9f744fc_thumb.jpg
beerd4d,David,M.,https://untappd.akamaized.net/profile/f65e7ca9e668fbcb8c56049e45606c96_100x100.jpg
stremme12,Josh,S.,https://gravatar.com/avatar/9e986505b40fd6a3341485f1bc64c407?size=100&d=https%3A%2F%2Funtappd.akamaized.net%2Fsite%2Fassets%2Fimages%2Fdefault_avatar_v3_gravatar.jpg%3Fv%3D2
TheRealHopdog,Steve,S.,https://untappd.akamaized.net/profile/461edcd343fcf822971a55a1ce3c8549_thumb.jpg
jamison-85,Jamison,D.,https://untappd.akamaized.net/profile/9a4e4159879888ff64262f5e06c843e6_100x100.jpg
usofarsenal,Devin,H.,https://untappd.akamaized.net/profile/9c5e46f14f3bab4ffdff21f5465770eb_100x100.jpg
Epitty,Evan,P.,https://untappd.akamaized.net/profile/d521b35fcb770c6289b07560e07a6fb8_100x100.jpg
macjensen7,Mac,J.,https://gravatar.com/avatar/fd1cce7dc59309c615c07c5d8634ef00?size=100&d=https%3A%2F%2Funtappd.akamaized.net%2Fsite%2Fassets%2Fimages%2Fdefault_avatar_v3_gravatar.jpg%3Fv%3D2
brett_frye_2976,Brett,F.,https://untappd.akamaized.net/profile/d62d43f4cd6bffd6da9b2fc760f82ea3-fb_100x100.jpg
matt1978,Matt,T.,https://gravatar.com/avatar/05805db8eb8b6c35fe2d39cc75b1979d?size=100&d=https%3A%2F%2Funtappd.akamaized.net%2Fsite%2Fassets%2Fimages%2Fdefault_avatar_v3_gravatar.jpg%3Fv%3D2
macjensen7,Mac,J.,https://gravatar.com/avatar/fd1cce7dc59309c615c07c5d8634ef00?size=100&d=https%3A%2F%2Funtappd.akamaized.net%2Fsite%2Fassets%2Fimages%2Fdefault_avatar_v3_gravatar.jpg%3Fv%3D2
KidRobo,Robert,S.,https://untappd.akamaized.net/profile/e9d777e941c68f3e85e3f60ba85cd569_100x100.jpg
